name,distance_m,distance_km,duration_s,duration_min
Eastern Market Shed 5 Kitchen,338.13,0.33813,48.54,0.8089999999999999
Detroit Food Commons,5991.67,5.99167,574.57,9.576166666666667
Authority Health Community Kitchen,6779.88,6.77988,666.25,11.104166666666666
One New Humanity,7046.52,7.04652,629.59,10.493166666666667
East Warren Development Corporation Shared Kitchen,13419.11,13.41911,1309.82,21.830333333333332
Christ Church Commons,15073.19,15.07319,1463.09,24.384833333333333
The D Loft Commercial Kitchen,19830.45,19.83045,1490.69,24.844833333333334
St. John's Episcopal Church,21030.78,21.03078,1262.0,21.033333333333335
Rosedale Park Community Kitchen,22224.68,22.22468,1551.41,25.856833333333334
Fellowship Chapel Community Kitchen,23571.18,23.571180000000002,1551.5,25.858333333333334
Brightmoor Artisans Collective,24471.02,24.47102,1530.19,25.50316666666667
Capital Kitchen,24626.24,24.626240000000003,1513.42,25.223666666666666
Fresh Collective Kitchen & Market,24801.31,24.80131,1465.63,24.42716666666667
The Culinary Studio,34574.06,34.574059999999996,1747.97,29.132833333333334
Proud Mitten Shared Kitchen,43395.24,43.39524,2206.57,36.77616666666667
The FlavorLab Culinary Collective,46895.12,46.895120000000006,2723.05,45.38416666666667
149 South Street,46915.77,46.915769999999995,2599.76,43.32933333333334
Rosie's Community Kitchen,56797.43,56.79743,3038.68,50.644666666666666
HOPE Kitchen,57294.93,57.29493,2469.28,41.15466666666667
Growing Hope Incubator Kitchen,57340.04,57.34004,2856.13,47.60216666666667
